{
   "maxCount": 4096,
   "rate": 2000,
   "life": { "min": 1.000000, "max": 3.000000 },
   "startColor": [ 1.000000, 0.350000, 0.000000, 1.000000 ],
   "endColor": [ 0.200000, 0.250000, 0.500000, 1.000000 ],
   "velocity": {
      "angle": 1.570796,
      "spread": 0.174533,
      "strength": { "min": 10.000000, "max": 30.000000 },
      "bidi": false
   },
   "image": "images/half-transparent-white-pixel.png",
   "imageCols": 1,
   "imageRows": 1,
   "emitter": {
      "type": "Line",
      "P1": { "x": 200.000000, "y": 200.000000 },
      "P2": { "x": 400.000000, "y": 200.000000 }
   }
}