{"canvas_drawColor":{"total_frame_ms":[33.8650016784668,33.595001220703125,34.244998931884766,33.334999084472656,33.369998931884766,42.04999923706055,41.29499816894531,51.7400016784668,57.8849983215332,40.310001373291016,36.65999984741211,67.20999908447266,39.345001220703125,34.93000030517578,37.224998474121094,31.420000076293945,32.76499938964844,39.85499954223633,36.470001220703125,35.55500030517578,33.779998779296875,33.474998474121094,32.95000076293945,31.885000228881836,31.05500030517578,29.829999923706055,52.525001525878906,52.34000015258789,30.934999465942383,31.96500015258789,34.89500045776367,32.404998779296875,34.154998779296875,39.880001068115234,33.654998779296875,54.7599983215332,47.625,45.40999984741211,38.27000045776367,28.725000381469727,26.709999084472656,31.920000076293945,25.190000534057617,26.53499984741211,38.599998474121094,38.6349983215332,27.290000915527344,24.125,24.270000457763672,24.56999969482422,24.420000076293945],"with_flush_ms":[33.494998931884766,33.26499938964844,33.869998931884766,33,33.04499816894531,41.625,40.95000076293945,51.349998474121094,56.82500076293945,39.9900016784668,36.099998474121094,66.83000183105469,38.79999923706055,34.61000061035156,36.875,30.8799991607666,32.435001373291016,39.380001068115234,36.125,34.814998626708984,33.28499984741211,33.1150016784668,32.334999084472656,31.514999389648438,30.725000381469727,29.15999984741211,52.10499954223633,51.92499923706055,30.415000915527344,31.579999923706055,34.10499954223633,31.985000610351562,33.78499984741211,39.41999816894531,33.27000045776367,54.0099983215332,47.189998626708984,44.79499816894531,37.775001525878906,28.184999465942383,26.350000381469727,31.5049991607666,24.885000228881836,26.020000457763672,38.244998931884766,38.224998474121094,26.864999771118164,23.815000534057617,23.829999923706055,24.28499984741211,24.1299991607666],"without_flush_ms":[33.4900016784668,33.255001068115234,33.8650016784668,33,33.03499984741211,41.619998931884766,40.95000076293945,51.34000015258789,56.79499816894531,39.98500061035156,36.09000015258789,66.82499694824219,38.79999923706055,34.60499954223633,36.869998931884766,30.875,32.435001373291016,39.375,36.125,34.80500030517578,33.279998779296875,33.10499954223633,32.32500076293945,31.510000228881836,30.725000381469727,29.15999984741211,52.10499954223633,51.91999816894531,30.40999984741211,31.575000762939453,34.10499954223633,31.979999542236328,33.779998779296875,39.40999984741211,33.26499938964844,54.005001068115234,47.17499923706055,44.790000915527344,37.77000045776367,28.174999237060547,26.350000381469727,31.5,24.8799991607666,26.020000457763672,38.244998931884766,38.220001220703125,26.860000610351562,23.815000534057617,23.829999923706055,24.28499984741211,24.1299991607666]},"canvas_drawHugeGradient":{"total_frame_ms":[2.7950000762939453,4.460000038146973,3.2049999237060547,2.9700000286102295,4.175000190734863,2.509999990463257,2.950000047683716,4.409999847412109,2.609999895095825,2.7300000190734863,3.984999895095825,2.7699999809265137,2.75,3.694999933242798,2.759999990463257,2.690000057220459,4.244999885559082,3.0799999237060547,2.690000057220459,4.360000133514404,2.815000057220459,2.754999876022339,4.989999771118164,2.745000123977661,3.109999895095825,4,2.7049999237060547,3.2100000381469727,4.135000228881836,2.7899999618530273,2.950000047683716,3.7950000762939453,3.049999952316284,3.134999990463257,4.659999847412109,2.684999942779541,2.690000057220459,5.309999942779541,2.690000057220459,3.015000104904175,4.224999904632568,2.934999942779541,3.065000057220459,4.099999904632568,2.7100000381469727,2.924999952316284,4.840000152587891,2.7100000381469727,2.7850000858306885,4.179999828338623,2.759999990463257],"with_flush_ms":[2.440000057220459,2.484999895095825,2.634999990463257,2.5799999237060547,2.745000123977661,2.1649999618530273,2.505000114440918,2.3949999809265137,2.200000047683716,2.3350000381469727,2.109999895095825,2.259999990463257,2.299999952316284,2.190000057220459,2.305000066757202,2.25,2.2300000190734863,2.6449999809265137,2.315000057220459,2.2899999618530273,2.4149999618530273,2.2200000286102295,2.9000000953674316,2.3399999141693115,2.5350000858306885,2.424999952316284,2.3450000286102295,2.7799999713897705,2.2950000762939453,2.325000047683716,2.365000009536743,2.244999885559082,2.575000047683716,2.7200000286102295,2.684999942779541,2.2950000762939453,2.109999895095825,2.7750000953674316,2.2750000953674316,2.434999942779541,2.549999952316284,2.424999952316284,2.5399999618530273,2.325000047683716,2.315000057220459,2.434999942779541,2.390000104904175,2.25,2.3350000381469727,2.4200000762939453,2.375],"without_flush_ms":[2.434999942779541,2.4800000190734863,2.630000114440918,2.5799999237060547,2.740000009536743,2.1649999618530273,2.5,2.390000104904175,2.194999933242798,2.3350000381469727,2.1050000190734863,2.255000114440918,2.2950000762939453,2.180000066757202,2.2950000762939453,2.244999885559082,2.2300000190734863,2.640000104904175,2.309999942779541,2.2799999713897705,2.4149999618530273,2.2149999141693115,2.890000104904175,2.3350000381469727,2.5250000953674316,2.4200000762939453,2.3399999141693115,2.7750000953674316,2.2899999618530273,2.319999933242798,2.359999895095825,2.240000009536743,2.569999933242798,2.7100000381469727,2.684999942779541,2.2950000762939453,2.0999999046325684,2.7699999809265137,2.2750000953674316,2.434999942779541,2.5399999618530273,2.4200000762939453,2.5350000858306885,2.319999933242798,2.309999942779541,2.424999952316284,2.379999876022339,2.240000009536743,2.3299999237060547,2.4100000858306885,2.369999885559082]}}