{"canvas_drawColor":{"total_frame_ms":[42.63999938964844,45.025001525878906,39.255001068115234,41.064998626708984,42.05500030517578,41.32500076293945,40.25,41.61000061035156,39.27000045776367,42.060001373291016,38.57500076293945,39.275001525878906,54.73500061035156,38.625,38.255001068115234,38.36000061035156,38.28499984741211,61.34000015258789,55.29499816894531,36.724998474121094,39.09000015258789,42.72999954223633,41.494998931884766,39.54999923706055,39.5,37.36000061035156,46.5099983215332,35.91999816894531,35.39500045776367,32.775001525878906,36.01499938964844,32.474998474121094,32.10499954223633,31.045000076293945,29.8700008392334,30.31999969482422,32.7599983215332,34.95000076293945,32.30500030517578,31.56999969482422,45.68000030517578,38.95000076293945,31.530000686645508,29.559999465942383,29.100000381469727,29.014999389648438,32.185001373291016,30.799999237060547,30.190000534057617,29.325000762939453,33.189998626708984],"with_flush_ms":[42.17499923706055,44.58000183105469,38.724998474121094,40.595001220703125,41.619998931884766,40.90999984741211,39.814998626708984,41.10499954223633,38.834999084472656,41.540000915527344,37.95500183105469,38.904998779296875,54.130001068115234,38.20000076293945,37.77000045776367,37.57500076293945,37.775001525878906,60.8650016784668,54.70500183105469,35.904998779296875,38.439998626708984,42.29499816894531,41.119998931884766,39.01499938964844,39.11000061035156,36.810001373291016,46.14500045776367,35.560001373291016,34.73500061035156,32.400001525878906,35,32.02000045776367,31.7450008392334,30.3799991607666,29.5,29.854999542236328,32.275001525878906,34.5099983215332,31.649999618530273,31.204999923706055,45.255001068115234,38.40999984741211,31.104999542236328,29.030000686645508,28.725000381469727,28.604999542236328,31.670000076293945,30.399999618530273,29.815000534057617,28.80500030517578,32.75],"without_flush_ms":[42.17499923706055,44.56999969482422,38.720001220703125,40.59000015258789,41.61000061035156,40.904998779296875,39.810001373291016,41.10499954223633,38.83000183105469,41.53499984741211,37.95000076293945,38.900001525878906,54.125,38.19499969482422,37.77000045776367,37.56999969482422,37.77000045776367,60.86000061035156,54.70500183105469,35.89500045776367,38.435001373291016,42.290000915527344,41.11000061035156,39.0099983215332,39.10499954223633,36.80500030517578,46.13999938964844,35.560001373291016,34.72999954223633,32.400001525878906,34.994998931884766,32.0099983215332,31.739999771118164,30.375,29.4950008392334,29.850000381469727,32.27000045776367,34.505001068115234,31.645000457763672,31.200000762939453,45.25,38.40999984741211,31.104999542236328,29.024999618530273,28.719999313354492,28.604999542236328,31.670000076293945,30.399999618530273,29.815000534057617,28.799999237060547,32.744998931884766]},"canvas_drawHugeGradient":{"total_frame_ms":[5.480000019073486,12.055000305175781,4.894999980926514,6.755000114440918,10.029999732971191,5.829999923706055,6.875,10.114999771118164,6.414999961853027,6.695000171661377,11.625,6.244999885559082,6.75,10.074999809265137,7.760000228881836,6.570000171661377,10.994999885559082,6.005000114440918,5.65500020980835,9.414999961853027,6.204999923706055,6.300000190734863,10.46500015258789,6.284999847412109,7.389999866485596,10.475000381469727,5.925000190734863,6.565000057220459,9.005000114440918,7.945000171661377,7.369999885559082,11.199999809265137,6.429999828338623,6.480000019073486,9.020000457763672,6.635000228881836,6.119999885559082,10.524999618530273,5.434999942779541,6.730000019073486,11.109999656677246,5.454999923706055,7.364999771118164,8.789999961853027,6.474999904632568,5.659999847412109,11.119999885559082,5.730000019073486,6.710000038146973,10.210000038146973,6.260000228881836],"with_flush_ms":[4.355000019073486,6.485000133514404,3.8499999046325684,5.494999885559082,6.679999828338623,4.599999904632568,6.340000152587891,4.96999979019165,5.715000152587891,5.460000038146973,6.445000171661377,5.170000076293945,5.525000095367432,5.150000095367432,6.454999923706055,5.09499979019165,5.010000228881836,5,5.045000076293945,5.519999980926514,5.695000171661377,5.449999809265137,5.764999866485596,5.050000190734863,5.775000095367432,5.534999847412109,4.855000019073486,5.349999904632568,4.764999866485596,6.414999961853027,5.84499979019165,6.15500020980835,4.639999866485596,5.465000152587891,4.820000171661377,5.675000190734863,4.985000133514404,5.369999885559082,4.275000095367432,5.375,6.025000095367432,4.014999866485596,5.675000190734863,4.920000076293945,5.349999904632568,4.699999809265137,5.559999942779541,4.510000228881836,5.175000190734863,6.275000095367432,5.380000114440918],"without_flush_ms":[4.340000152587891,6.460000038146973,3.8399999141693115,5.485000133514404,6.670000076293945,4.590000152587891,6.329999923706055,4.949999809265137,5.710000038146973,5.449999809265137,6.425000190734863,5.144999980926514,5.509999752044678,5.139999866485596,6.440000057220459,5.074999809265137,5.005000114440918,4.980000019073486,5.039999961853027,5.519999980926514,5.684999942779541,5.445000171661377,5.75,5.039999961853027,5.75,5.525000095367432,4.840000152587891,5.329999923706055,4.755000114440918,6.394999980926514,5.835000038146973,6.144999980926514,4.630000114440918,5.449999809265137,4.809999942779541,5.664999961853027,4.974999904632568,5.349999904632568,4.264999866485596,5.360000133514404,6.005000114440918,3.990000009536743,5.65500020980835,4.909999847412109,5.340000152587891,4.690000057220459,5.545000076293945,4.489999771118164,5.164999961853027,6.264999866485596,5.365000247955322]}}